City_ID,City,Lat,Lng,Max Temp,Humidity,Cloudiness,Wind Speed,Country,Date
0,kalemie,-5.9475,29.1947,77.97,46,23,13.78,CD,1690094841
1,callao,-12.0667,-77.15,70.09,73,100,5.75,PE,1690094842
2,bethel,41.3712,-73.414,67.5,85,0,3.44,US,1690094843
3,qaqortoq,60.7167,-46.0333,53.19,73,100,4.94,GL,1690094843
4,grytviken,-54.2811,-36.5092,24.08,79,59,11.01,GS,1690094845
5,anadyr,64.75,177.4833,54.1,87,40,11.01,RU,1690094845
6,thompson,55.7435,-97.8558,53.76,71,75,4.61,CA,1690094846
7,edinburgh of the seven seas,-37.0676,-12.3116,55.87,72,6,19.15,SH,1690094846
8,tsiombe,-25.3,45.4833,75.74,53,0,3.0,MG,1690094847
9,cumnock,55.4544,-4.2664,55.0,96,100,15.97,GB,1690094848
10,iqaluit,63.7506,-68.5145,42.53,93,75,2.3,CA,1690094848
11,taguatinga,-12.3857,-46.5711,69.33,57,0,6.08,BR,1690094849
12,udachny,66.4167,112.4,88.45,25,100,16.28,RU,1690094850
13,coahuayana de hidalgo,18.7,-103.6583,78.06,94,100,5.75,MX,1690094851
14,longyearbyen,78.2186,15.6401,49.84,71,40,3.44,SJ,1690094852
15,port-aux-francais,-49.35,70.2167,41.94,87,97,35.01,TF,1690094853
16,new norfolk,-42.7826,147.0587,53.1,75,77,2.64,AU,1690094853
17,adamstown,-25.066,-130.1015,70.25,67,1,17.36,PN,1690094854
18,yellowknife,62.456,-114.3525,61.32,63,100,3.44,CA,1690094854
19,ribeira grande,38.5167,-28.7,69.78,88,20,3.44,PT,1690094855
20,okha,53.5739,142.9478,67.71,58,4,11.39,RU,1690094856
21,port hedland,-20.3167,118.5667,78.85,11,0,18.41,AU,1690094857
22,yuzhno-kurilsk,44.0306,145.8556,64.6,83,84,11.48,RU,1690094858
23,avarua,-21.2078,-159.775,73.45,94,100,19.57,CK,1690094858
24,cabo san lucas,22.8909,-109.9124,86.61,75,1,6.64,MX,1690094615
25,naze,28.3667,129.4833,83.32,78,92,1.74,JP,1690094859
26,waitangi,-43.9535,-176.5597,52.83,96,17,11.01,NZ,1690094860
27,leninskiy,54.2781,37.4558,62.08,81,88,9.89,RU,1690094861
28,qazvin,36.2797,50.0049,85.62,32,40,4.61,IR,1690094796
29,wailua homesteads,22.0669,-159.378,79.59,85,100,17.27,US,1690094862
30,yankton,42.8711,-97.3973,71.11,88,0,6.91,US,1690094862
31,gizo,-8.103,156.8419,80.06,75,100,14.23,SB,1690094863
32,saint-pierre,-21.3393,55.4781,77.58,53,100,3.44,RE,1690094864
33,crane,31.3974,-102.3501,83.32,44,37,12.44,US,1690094865
34,tiksi,71.6872,128.8694,44.74,75,57,5.79,RU,1690094865
35,albany,42.6001,-73.9662,61.45,88,6,1.99,US,1690094866
36,invercargill,-46.4,168.35,47.86,94,100,7.61,NZ,1690094866
37,east london,-33.0153,27.9116,58.14,77,75,10.36,ZA,1690094867
38,ilulissat,69.2167,-51.1,44.62,93,100,3.44,GL,1690094867
39,belmonte,-15.8631,-38.8828,70.43,88,44,5.35,BR,1690094868
40,brownsville,25.9018,-97.4975,84.09,87,0,6.91,US,1690094629
41,mil'kovo,55.6078,37.7956,68.14,69,94,8.16,RU,1690094869
42,st. john's,47.5649,-52.7093,66.78,96,100,8.05,CA,1690094701
43,kharp,66.8014,65.8081,61.21,97,100,6.08,RU,1690094870
44,puerto deseado,-47.7503,-65.8938,31.89,87,37,19.33,AR,1690094871
45,georgetown,5.4112,100.3354,89.53,70,20,10.36,MY,1690094799
46,mejit,10.2753,170.8646,82.67,73,1,17.54,MH,1690094872
47,revda,56.801,59.9303,65.7,65,49,11.54,RU,1690094592
48,tonj,7.2737,28.6822,76.12,78,96,0.98,SS,1690094874
49,malabar,-33.9667,151.25,61.05,66,40,20.71,AU,1690094875
50,north ward,-19.2454,146.8075,73.31,68,20,12.66,AU,1690094876
51,sodra sandby,56.5667,16.6167,57.88,83,100,5.82,SE,1690094876
52,mount pearl,47.5166,-52.7813,65.95,95,100,8.05,CA,1690094877
53,constantia,44.1833,28.65,72.28,63,27,13.24,RO,1690094877
54,pauini,-7.7136,-66.9764,70.93,68,35,0.18,BR,1690094878
55,buta,2.7858,24.73,77.7,72,100,3.42,CD,1690094879
56,saint-pol-de-leon,48.6833,-3.9833,63.79,95,100,10.36,FR,1690094879
57,quelimane,-17.8786,36.8883,66.15,93,75,5.99,MZ,1690094880
58,siracusa,37.0881,15.2792,92.32,40,1,1.9,IT,1690094632
59,fortuna,40.5982,-124.1573,58.93,95,100,0.0,US,1690094752
60,zhanjiang,21.2815,110.3427,89.22,59,7,6.85,CN,1690094881
61,luderitz,-26.6481,15.1594,53.69,55,90,7.25,NA,1690094882
62,ancud,-41.8697,-73.8203,37.81,84,60,4.36,CL,1690094882
63,raja,8.4596,25.678,78.93,69,100,2.44,SS,1690094883
64,eirunepe,-6.6603,-69.8736,70.14,72,2,0.38,BR,1690094884
65,jamestown,42.097,-79.2353,61.72,95,0,3.44,US,1690094586
66,sorong,-0.8833,131.25,80.35,85,43,17.09,ID,1690094885
67,susuman,62.7833,148.1667,48.74,92,100,1.99,RU,1690094885
68,tura,25.5198,90.2201,85.75,77,92,3.71,IN,1690094886
69,fauske,67.2588,15.3918,56.77,93,100,0.87,NO,1690094886
70,alofi,-19.0595,-169.9187,75.09,83,99,9.22,NU,1690094887
71,qamdo,31.1667,97.2333,62.71,39,100,2.33,CN,1690094888
72,okhotsk,59.3833,143.3,70.05,55,43,6.02,RU,1690094888
73,acarau,-2.8856,-40.12,75.25,81,55,11.56,BR,1690094889
74,punta arenas,-53.15,-70.9167,29.86,83,12,9.64,CL,1690094889
75,filadelfia,39.9523,-75.1638,70.16,85,0,0.0,US,1690094637
76,hamilton,39.1834,-84.5333,67.93,86,0,0.0,US,1690094891
77,mabaruma,8.2,-59.7833,71.74,100,97,1.61,GY,1690094891
78,dudinka,69.4058,86.1778,70.27,63,65,10.83,RU,1690094892
79,kolyshley,52.7005,44.5367,62.56,83,98,6.04,RU,1690094893
80,arraial do cabo,-22.9661,-42.0278,69.33,88,0,20.69,BR,1690094874
81,amga,60.8953,131.9608,80.46,48,75,7.94,RU,1690094894
82,anatoli,39.6389,20.8653,76.75,57,0,0.0,GR,1690094894
83,lihue,21.9789,-159.3672,80.19,84,100,17.27,US,1690094896
84,bathsheba,13.2167,-59.5167,81.21,83,20,16.11,BB,1690094896
85,vadso,70.0744,29.7487,50.16,87,100,16.11,NO,1690094897
86,ust-nera,64.5667,143.2,67.93,44,100,0.76,RU,1690094898
87,bilibino,68.0546,166.4372,81.81,34,57,12.26,RU,1690094898
88,hawaiian paradise park,19.5933,-154.9731,75.04,97,100,4.61,US,1690094899
89,puerto natales,-51.7236,-72.4875,25.27,92,14,3.91,CL,1690094900
90,mount isa,-20.7333,139.5,64.17,27,0,18.41,AU,1690094900
91,yanam,16.7333,82.2167,90.97,58,52,10.56,IN,1690094901
92,labytnangi,66.6572,66.4183,63.61,88,100,5.01,RU,1690094901
93,tromso,69.6496,18.957,61.38,72,40,5.75,NO,1690094902
94,ati,13.2154,18.3353,78.87,70,98,8.72,TD,1690094903
95,atafu village,-8.5421,-172.5159,83.88,75,25,11.43,TK,1690094903
96,praia da vitoria,38.7333,-27.0667,71.85,94,40,8.19,PT,1690094904
97,mocimboa,-11.3167,40.35,77.23,64,100,14.36,MZ,1690094904
98,port alfred,-33.5906,26.891,56.17,84,10,4.0,ZA,1690094905
99,bayanaul,50.7889,75.6956,83.82,22,100,6.8,KZ,1690094905
100,ar ruseris,11.8659,34.3869,78.12,73,100,11.9,SD,1690094906
101,turan,16.0678,108.2208,89.58,66,20,11.5,VN,1690094907
102,west island,-12.1568,96.8225,80.58,78,75,11.5,CC,1690094907
103,port blair,11.6667,92.75,82.44,83,75,2.3,IN,1690094908
104,cidreira,-30.1811,-50.2056,62.92,83,42,8.08,BR,1690094908
105,uyskoye,54.3775,60.0047,71.94,39,7,16.42,RU,1690094909
106,ushuaia,-54.8,-68.3,29.86,80,0,12.66,AR,1690094874
107,ishigaki,24.3448,124.1572,89.73,70,75,8.05,JP,1690094910
108,fort st. john,56.2499,-120.8529,55.29,94,100,5.75,CA,1690094911
109,skeldon,5.8833,-57.1333,74.61,93,89,3.51,GY,1690094911
110,uturoa,-16.7333,-151.4333,76.53,76,100,14.12,PF,1690094912
111,mossendjo,-2.9506,12.7261,70.65,79,50,3.09,CG,1690094912
112,papatowai,-46.5619,169.4708,48.27,97,100,8.34,NZ,1690094913
113,utrik,11.2278,169.8474,83.61,72,86,18.75,MH,1690094914
114,isafjordur,66.0755,-23.124,50.58,89,100,2.3,IS,1690094914
115,ivdel',60.6911,60.4206,65.12,68,100,3.83,RU,1690094628
116,stanley,54.868,-1.6985,57.27,92,75,13.8,GB,1690094915
117,chonchi,-42.6128,-73.8092,34.12,88,41,1.72,CL,1690094895
118,lebu,-37.6167,-73.65,46.17,89,13,5.23,CL,1690094917
119,nabire,-3.3667,135.4833,83.19,78,54,4.34,ID,1690094759
120,koungou,-12.7336,45.2042,82.11,65,75,19.57,YT,1690094918
121,kodiak,57.79,-152.4072,56.71,82,0,0.0,US,1690094919
122,labrador city,52.9463,-66.9114,58.91,100,100,5.75,CA,1690094919
123,surubim,-7.8331,-35.7547,64.11,94,8,5.91,BR,1690094799
124,saynshand,44.8824,110.1163,81.84,27,100,10.45,MN,1690094922
125,college,64.8569,-147.8028,75.15,60,40,3.44,US,1690094923
126,talnakh,69.4865,88.3972,70.5,70,74,3.51,RU,1690094923
127,menaka,15.9182,2.4022,88.07,49,25,12.71,ML,1690094924
128,afaahiti,-17.75,-149.2833,71.47,68,100,11.34,PF,1690094924
129,arvika,59.6553,12.5852,56.01,77,5,1.48,SE,1690094925
130,kenora,49.8167,-94.4337,65.37,63,0,6.91,CA,1690094715
131,pandan,14.0453,124.1694,82.54,86,100,16.35,PH,1690094926
132,kapa'a,22.0752,-159.319,80.92,84,100,17.27,US,1690094927
133,mokhsogollokh,61.4681,128.9203,82.69,43,64,7.09,RU,1690094927
134,galliano,29.4422,-90.2992,78.01,85,100,4.0,US,1690094928
135,san luis de la loma,17.2706,-100.8939,78.17,83,98,4.81,MX,1690094928
136,broome,42.2506,-75.833,62.6,86,0,2.3,US,1690094929
137,djibo,14.1022,-1.6306,81.05,64,10,6.2,BF,1690094930
138,blackmans bay,-43.0167,147.3167,51.93,74,21,4.07,AU,1690094930
139,bubaque,11.2833,-15.8333,80.47,81,100,8.84,GW,1690094931
140,yerofey pavlovich,53.9667,121.9667,76.96,47,97,8.32,RU,1690094932
141,carnarvon,-24.8667,113.6333,75.25,26,0,11.48,AU,1690094932
142,daru,-9.0763,143.2092,78.03,71,100,11.03,PG,1690094933
143,kavieng,-2.5744,150.7967,82.62,77,100,8.3,PG,1690094933
144,greymouth,-42.4667,171.2,46.8,89,100,4.7,NZ,1690094934
145,hermanus,-34.4187,19.2345,49.8,71,100,10.11,ZA,1690094935
146,pirallahi,40.4723,50.333,89.74,64,97,9.31,AZ,1690094935
147,kenai,60.5544,-151.2583,62.69,81,0,11.5,US,1690094936
148,tralee,52.2704,-9.7026,58.96,97,100,5.55,IE,1690094936
149,lazaro cardenas,17.9583,-102.2,79.07,89,99,2.89,MX,1690094937
150,isangel,-19.55,169.2667,73.51,64,75,0.0,VU,1690094938
151,nova sintra,14.8667,-24.7167,72.27,73,40,15.03,CV,1690094938
152,bredasdorp,-34.5322,20.0403,50.67,86,100,6.29,ZA,1690094939
153,newman,37.3138,-121.0208,84.43,67,53,3.94,US,1690094939
154,mildura,-34.2,142.15,56.07,67,27,13.4,AU,1690094940
155,lakatoro,-16.0999,167.4164,72.88,81,100,10.09,VU,1690094940
156,la plata,-34.9215,-57.9545,52.83,77,9,8.32,AR,1690094941
157,pombas,17.1503,-25.0201,76.78,77,71,12.35,CV,1690094942
158,jinchang,38.4953,102.1739,91.69,15,100,10.45,CN,1690094942
159,ocean city,39.2776,-74.5746,72.99,78,5,6.13,US,1690094943
160,sauk rapids,45.5919,-94.1661,64.78,93,0,3.44,US,1690094944
161,fale old settlement,-9.3852,-171.2468,83.88,74,23,11.12,TK,1690094944
162,kasongo-lunda,-6.4667,16.8167,78.17,46,7,0.58,CD,1690094945
163,balqash,46.8481,74.995,90.19,13,0,4.47,KZ,1690094946
164,omdurman,15.6445,32.4777,93.06,39,59,19.89,SD,1690094946
165,aasiaat,68.7098,-52.8699,38.89,98,100,8.66,GL,1690094947
166,olinda,-8.0089,-34.8553,76.73,73,75,10.36,BR,1690094947
167,novosergiyevka,52.0934,53.6528,74.08,41,100,4.27,RU,1690094948
168,whitehorse,60.7161,-135.0538,57.97,100,100,1.01,CA,1690094929
169,nova vicosa,-17.8919,-39.3719,70.84,89,38,11.97,BR,1690094949
170,panchagarh,26.3313,88.562,95.0,53,100,6.42,BD,1690094949
171,minas de marcona,-15.2119,-75.1103,53.04,90,23,7.76,PE,1690094950
172,seminole,28.7086,-81.2081,78.42,90,0,0.0,US,1690094695
173,puerto ayora,-0.7393,-90.3518,76.01,80,28,11.21,EC,1690094766
174,filipstad,59.7124,14.1683,59.97,66,7,2.28,SE,1690094952
175,rongelap,11.1635,166.8941,83.57,74,29,17.76,MH,1690094953
176,vorgashor,67.5833,63.95,63.25,92,100,4.72,RU,1690094953
177,tubarjal,30.4999,38.216,92.57,19,0,10.58,SA,1690094954
178,saint-mandrier-sur-mer,43.078,5.929,85.77,60,0,4.61,FR,1690094954
179,harper,4.375,-7.7169,76.66,84,100,8.14,LR,1690094955
180,morrope,-6.5417,-80.0111,71.71,81,17,10.22,PE,1690094955
181,petropavlovsk-kamchatsky,53.0452,158.6483,72.19,68,20,8.95,RU,1690094956
182,santa elena de uairen,4.6167,-61.1333,65.44,92,53,1.83,VE,1690094957
183,aleg,17.0481,-13.9209,82.27,67,100,11.39,MR,1690094957
184,margaret river,-33.95,115.0667,62.22,61,0,12.71,AU,1690094958
185,boa vista,2.8197,-60.6733,75.18,94,75,0.0,BR,1690094958
186,el gouna,27.3942,33.6782,95.09,35,28,13.4,EG,1690094959
187,kasimov,54.9411,41.3953,72.1,51,23,7.56,RU,1690094959
188,sur,22.5667,59.5289,88.79,62,91,10.45,OM,1690094960
189,lancaster,40.2504,-76.2499,66.96,89,0,0.0,US,1690094960
190,kirensk,57.7853,108.1119,88.36,30,93,0.58,RU,1690094961
191,namibe,-15.1961,12.1522,65.89,67,62,7.52,AO,1690094962
192,xuddur,4.1213,43.8894,80.69,55,85,22.93,SO,1690094962
193,calvi,42.5,8.8333,81.23,32,0,5.75,FR,1690094963
194,zahedan,29.4963,60.8629,89.51,14,100,9.22,IR,1690094964
195,hithadhoo,-0.6,73.0833,82.98,74,11,6.82,MV,1690094965
196,dhidhdhoo,6.8833,73.1,83.34,81,65,15.26,MV,1690094965
197,machico,32.7,-16.7667,73.0,79,75,12.66,PT,1690094966
198,bodo,67.28,14.405,56.77,89,100,4.61,NO,1690094967
199,amarkantak,22.6667,81.75,79.2,73,89,9.53,IN,1690094967
200,shasta lake,40.6804,-122.3708,79.63,40,11,5.73,US,1690094968
201,olonkinbyen,70.9221,-8.7187,41.0,83,100,6.91,SJ,1690094968
202,umm kaddadah,13.6017,26.6876,84.76,52,45,11.52,SD,1690094969
203,kiunga,-6.1219,141.2906,75.4,86,100,2.19,PG,1690094969
204,tomatlan,19.9333,-105.25,75.6,91,100,3.58,MX,1690094970
205,tazovsky,67.4667,78.7,67.64,64,100,0.69,RU,1690094971
206,polyarnyy,69.1989,33.4478,50.31,77,100,15.43,RU,1690094971
207,shimoda,34.6667,138.95,85.1,71,60,6.53,JP,1690094972
208,kingston,17.997,-76.7936,83.35,83,20,6.91,JM,1690094972
209,taoudenni,22.6783,-3.9836,96.31,26,59,6.24,ML,1690094973
210,granbury,32.4421,-97.7942,80.24,62,0,4.61,US,1690094935
211,hadibu,12.65,54.0333,78.37,78,99,27.92,YE,1690094974
212,uravakonda,14.95,77.2667,77.56,77,100,23.64,IN,1690094975
213,revuca,48.6835,20.1173,69.57,52,13,3.87,SK,1690094976
214,alice springs,-23.7,133.8833,60.35,31,0,16.11,AU,1690094976
215,nantucket,41.2835,-70.0995,69.01,83,100,1.19,US,1690094732
216,alupka,44.4167,34.05,82.45,59,6,4.05,UA,1690094977
217,yorkton,51.2167,-102.4677,64.24,82,20,5.75,CA,1690094702
218,nchelenge,-9.3451,28.734,70.93,48,4,8.12,ZM,1690094978
219,korkut,38.7391,41.7822,83.75,32,20,5.75,TR,1690094979
220,vernon,50.2581,-119.2691,72.93,40,13,1.14,CA,1690094980
221,iskateley,67.6803,53.1512,60.01,92,100,5.3,RU,1690094980
222,sola,-13.8833,167.55,74.07,94,100,5.75,VU,1690094981
223,remire-montjoly,4.9167,-52.2667,73.44,100,100,0.0,GF,1690094981
224,namsos,64.4662,11.4957,55.45,88,75,3.44,NO,1690094982
225,cambridge,43.3601,-80.3127,62.24,90,40,0.0,CA,1690094814
226,isla mujeres,21.2311,-86.731,84.16,86,99,11.52,MX,1690094983
227,flying fish cove,-10.4217,105.6791,78.48,83,100,13.8,CX,1690094984
228,maridi,4.9158,29.4742,79.81,63,15,3.58,SS,1690094984
229,madang,-5.2246,145.7966,81.57,80,100,7.2,PG,1690094985
230,nakhon si thammarat,8.25,100.0,91.4,58,100,9.62,TH,1690094986
231,el calafate,-50.3408,-72.2768,22.73,74,2,4.88,AR,1690094986
232,tolanaro,-25.0319,46.9987,73.47,73,20,16.11,MG,1690094987
233,saipan,15.1355,145.701,86.7,100,75,8.05,MP,1690094987
234,massawa,15.6097,39.45,99.03,41,78,3.91,ER,1690094988
235,bel ombre,-4.6167,55.4167,78.64,89,75,12.66,SC,1690094989
236,portachuelo,-17.35,-63.4,72.5,61,0,6.96,BO,1690094989
237,port mathurin,-19.6833,63.4167,73.9,66,17,19.66,MU,1690094990
238,grand falls-windsor,48.9332,-55.6649,69.51,88,100,1.99,CA,1690094990
239,galveston,29.3669,-94.9669,80.96,85,20,6.91,US,1690094991
240,san patricio,28.017,-97.5169,84.85,81,0,8.86,US,1690094993
241,mawlamyinegyunn,16.3833,95.2667,83.97,76,100,10.51,MM,1690094740
242,amboasary,-25.0333,46.3833,76.03,54,0,2.39,MG,1690094994
243,kyren,51.6828,102.1408,79.63,46,53,4.68,RU,1690094995
244,la'ie,21.6477,-157.9253,80.56,86,28,15.1,US,1690094995
245,el galpon,-25.3807,-64.6526,64.38,48,3,12.53,AR,1690094996
246,ust'-kulom,61.6864,53.6902,70.12,46,45,8.48,RU,1690094996
247,port augusta,-32.5,137.7667,56.03,60,19,18.86,AU,1690094997
248,xanxere,-26.8769,-52.4042,58.26,79,8,4.43,BR,1690094812
249,taltal,-25.4,-70.4833,61.0,75,41,3.53,CL,1690094895
250,muynoq,43.7683,59.0214,101.84,16,0,10.0,UZ,1690094999
251,klyuchi,52.2667,79.1667,84.9,25,20,13.15,RU,1690095000
252,tual,-5.6667,132.75,79.48,74,23,22.68,ID,1690095000
253,yeysk,46.6989,38.2792,80.91,61,5,12.84,RU,1690095001
254,santana do ipanema,-9.3783,-37.2453,63.72,97,49,3.67,BR,1690095001
255,ta`u,-14.2336,-169.5144,81.25,78,19,4.29,AS,1690095002
256,magadan,59.5667,150.8,58.53,98,100,3.24,RU,1690095003
257,al burayqah,30.4062,19.5739,83.73,66,0,7.52,LY,1690095003
258,lumphat,13.4878,106.9816,84.18,84,61,3.94,KH,1690095004
259,grajau,-5.8194,-46.1386,67.89,46,27,2.24,BR,1690095004
260,blenheim,-41.516,173.9528,47.52,91,100,4.81,NZ,1690095005
261,ambon,-3.6954,128.1814,85.23,100,40,5.75,ID,1690095006
262,zinder,13.8072,8.9881,80.56,89,0,4.61,NE,1690095006
263,kinik,39.0872,27.3833,84.11,26,0,2.82,TR,1690095007
264,jian'ou,27.0469,118.3253,91.54,59,92,3.6,CN,1690095007
265,shurugwi,-19.6702,30.0059,61.7,43,0,2.46,ZW,1690095008
266,pacific grove,36.6177,-121.9166,59.02,92,0,1.99,US,1690094885
267,gadzhiyevo,69.2551,33.3362,49.96,77,99,15.73,RU,1690095009
268,portland,45.5234,-122.6762,73.98,64,0,9.22,US,1690094757
269,al kharijah,25.4514,30.5464,95.14,22,3,15.23,EG,1690095010
270,kas,36.2018,29.6377,98.56,24,0,1.95,TR,1690095011
271,cockburn town,21.4612,-71.1419,81.34,81,19,12.77,TC,1690094738
272,san julian,21.0167,-102.1667,56.93,82,100,4.34,MX,1690095012
273,hampton bays,40.869,-72.5176,72.86,90,0,0.0,US,1690095013
274,belyy yar,53.6039,91.3903,75.09,50,20,11.18,RU,1690095014
275,kupang,-10.1667,123.5833,81.19,61,52,15.64,ID,1690095014
276,mount darwin,-16.7725,31.5838,65.23,61,0,6.04,ZW,1690095015
277,kiruna,67.8557,20.2251,47.32,100,100,8.05,SE,1690095015
278,ibradi,37.0969,31.5992,85.44,24,0,13.06,TR,1690095016
279,caleta de carquin,-11.0925,-77.6267,65.55,85,59,7.2,PE,1690095017
280,saudarkrokur,65.7461,-19.6394,49.42,89,100,0.78,IS,1690095017
281,vilyuchinsk,52.9306,158.4028,73.67,72,100,11.14,RU,1690095018
282,nueva gerona,21.8833,-82.8,83.1,76,69,6.4,CU,1690095018
283,aquin,18.2833,-73.4,78.67,85,2,3.71,HT,1690095019
284,tofol,5.3248,163.0078,80.38,89,100,5.75,FM,1690095020
285,moyynkum,44.2914,72.9469,101.05,13,0,9.73,KZ,1690095020
286,lompoc,34.6391,-120.4579,69.78,95,100,4.61,US,1690095021
287,pont rouge,48.8833,-72.0825,61.09,97,100,3.09,CA,1690095021
288,richfield,44.8833,-93.283,67.21,89,0,0.0,US,1690095022
289,tongliao,43.6125,122.2653,69.57,86,100,15.12,CN,1690095023
290,opuwo,-18.0607,13.84,68.52,26,0,4.27,NA,1690095023
291,santa isabel,-23.3156,-46.2214,58.08,86,0,2.39,BR,1690095024
292,ponta delgada,37.7333,-25.6667,68.72,88,75,2.3,PT,1690094812
293,bandarbeyla,9.4942,50.8122,85.6,54,98,31.9,SO,1690095025
294,kattivakkam,13.2167,80.3167,84.29,81,100,14.07,IN,1690095025
295,keflavik,64.0049,-22.5624,52.23,93,75,4.61,IS,1690095026
296,khash,28.2211,61.2158,92.16,16,100,3.78,IR,1690094834
297,ewarton,18.1808,-77.0766,81.88,92,8,1.45,JM,1690095027
298,basco,20.4487,121.9702,84.42,79,21,15.39,PH,1690095028
299,vinton,37.281,-79.897,70.27,94,100,0.0,US,1690095028
300,jagatsinghapur,20.2667,86.1667,89.96,62,100,13.78,IN,1690095029
301,xichang,27.8964,102.2634,88.09,46,3,1.43,CN,1690095030
302,north bend,43.4065,-124.2243,61.27,94,100,10.36,US,1690095002
303,salinas,36.6777,-121.6555,64.0,84,0,8.05,US,1690094883
304,happy valley-goose bay,53.3168,-60.3315,66.51,94,75,3.44,CA,1690095031
305,sao vicente,-23.9631,-46.3919,68.27,26,0,5.14,BR,1690095032
306,papao,-17.75,-149.55,73.08,70,100,13.31,PF,1690095033
307,port lincoln,-34.7333,135.8667,55.31,70,100,10.36,AU,1690095033
308,port elizabeth,-33.918,25.5701,53.89,71,0,11.5,ZA,1690095034
309,qianzhou,28.3167,109.7167,94.5,56,89,4.25,CN,1690095034
310,christchurch,-43.5333,172.6333,51.91,94,100,11.5,NZ,1690094854
311,pisco,-13.7,-76.2167,66.25,77,100,2.3,PE,1690095036
312,gouyave,12.1646,-61.7296,79.57,83,40,12.66,GD,1690095036
313,owando,-0.4819,15.8999,77.52,74,100,4.85,CG,1690095037
314,deniliquin,-35.5333,144.9667,54.45,63,39,9.24,AU,1690095037
315,holualoa,19.6228,-155.9522,78.64,87,40,5.75,US,1690095038
316,akureyri,65.6835,-18.0878,48.13,93,100,2.3,IS,1690095039
317,lincoln city,44.9582,-124.0179,64.04,88,42,11.01,US,1690095039
318,maceio,-9.6658,-35.7353,71.04,94,75,2.3,BR,1690095040
319,sai buri,6.7013,101.6168,85.71,55,58,9.89,TH,1690095040
320,dunedin,-45.8742,170.5036,48.79,93,100,1.99,NZ,1690094854
321,las palmas,28.4204,-14.0131,68.79,73,40,17.27,ES,1690095042
322,dubinino,55.6192,89.0911,71.62,58,100,4.32,RU,1690095042
323,camalu,30.85,-116.0667,66.6,89,24,3.38,MX,1690095043
324,cannonvale,-20.2833,148.7,69.19,64,91,4.32,AU,1690095043
325,xilin hot,43.9667,116.0333,76.86,38,13,14.45,CN,1690095044
326,urzhar,47.093,81.6294,96.44,15,55,9.89,KZ,1690095045
327,gobichettipalayam,11.4667,77.45,90.54,46,92,4.72,IN,1690095045
328,paimpol,48.7784,-3.0438,65.84,95,100,12.91,FR,1690095046
329,san-pedro,4.7485,-6.6363,74.62,92,100,4.23,CI,1690095046
330,sault ste. marie,46.5168,-84.3333,61.36,89,0,4.61,CA,1690094930
331,kuroiso,36.9667,140.05,92.32,59,95,5.23,JP,1690095048
332,conceicao do araguaia,-8.2578,-49.2647,65.79,52,0,2.77,BR,1690095048
333,ola,59.5833,151.2833,59.14,96,100,3.36,RU,1690095049
334,tazacorte,28.629,-17.9293,72.57,80,20,18.41,ES,1690095049
335,arno,60.1167,18.6333,61.54,58,17,7.49,SE,1690095050
336,nemuro,43.3236,145.575,62.28,90,100,13.82,JP,1690095051
337,taikang,46.8333,124.4167,71.01,96,100,9.24,CN,1690095051
338,suncho corral,-27.9336,-63.4294,60.26,36,24,21.54,AR,1690095052
339,hovd,48.0056,91.6419,84.63,15,94,14.88,MN,1690095053
340,corner brook,48.9667,-57.9484,69.96,97,100,9.22,CA,1690095053
341,mutxamel,38.4158,-0.4453,83.88,74,20,5.75,ES,1690095054
342,turinskaya sloboda,57.6232,64.3858,66.0,83,100,7.4,RU,1690095054
343,skegness,53.1436,0.3363,62.67,92,100,19.15,GB,1690095055
344,la troncal,-2.4,-79.3333,74.21,85,56,1.54,EC,1690095055
345,sosnovo-ozerskoye,52.5249,111.5418,76.62,30,93,6.31,RU,1690095056
346,inarajan village,13.2736,144.7484,86.99,88,100,8.9,GU,1690095057
347,vorkuta,67.5,64.0,62.8,94,100,5.75,RU,1690095059
348,chumphon,10.3333,98.8333,73.89,87,100,9.6,TH,1690095059
349,fisterra,42.9049,-9.2629,56.75,81,100,3.22,ES,1690095060
350,olovyannaya,50.95,115.5667,76.68,39,69,14.81,RU,1690095060
351,geraldton,-28.7667,114.6,73.81,31,0,10.36,AU,1690095061
352,ulanhot,46.0833,122.0833,64.78,92,100,17.85,CN,1690095062
353,awjilah,29.1081,21.2869,91.31,27,0,8.37,LY,1690095062
354,luau,-10.7073,22.2247,72.9,33,5,11.21,AO,1690095063
355,cody,44.5263,-109.0565,71.82,42,0,5.75,US,1690095063
356,katsuura,35.1333,140.3,78.6,72,66,8.57,JP,1690095064
357,nadi,-17.8,177.4167,75.2,69,75,6.91,FJ,1690095065
358,mouila,-1.8685,11.0559,73.92,78,91,1.1,GA,1690095065
359,alo,7.4178,6.7371,75.96,94,100,1.3,NG,1690095066
360,axum,14.1245,38.7244,66.87,68,58,4.83,ET,1690095066
361,katima mulilo,-17.5,24.2667,68.49,34,0,7.36,NA,1690095067
362,falmouth,50.1544,-5.0711,59.9,100,100,10.36,GB,1690094968
363,nuuk,64.1835,-51.7216,45.21,100,100,2.3,GL,1690095068
364,bechar,31.6167,-2.2167,93.52,12,0,11.5,DZ,1690095069
365,tabou,4.423,-7.3528,75.7,88,100,7.4,CI,1690095070
366,baki,-7.6128,110.7839,90.75,41,13,5.12,ID,1690095071
367,san pedro,14.35,121.0167,90.32,69,40,12.66,PH,1690095071
368,trevelin,-43.0858,-71.4639,31.48,92,13,3.74,AR,1690094953
369,santa cruz,-17.8,-63.1667,71.06,83,0,10.36,BO,1690095003
370,usinsk,65.9939,57.5281,68.81,58,100,11.65,RU,1690095073
371,undurkhaan,47.3194,110.6556,73.99,40,91,1.34,MN,1690095074
372,ambodifotatra,-16.9833,49.85,75.25,88,75,9.22,MG,1690095075
373,axim,4.8699,-2.2405,76.12,89,100,5.28,GH,1690095075
374,igarka,67.4667,86.5833,75.69,61,37,10.13,RU,1690095076
375,volkhov,59.9258,32.3382,60.67,72,78,6.96,RU,1690095077
376,menongue,-14.6585,17.691,67.21,33,2,9.33,AO,1690095077
377,acajutla,13.5928,-89.8275,80.51,84,100,4.59,SV,1690095078
378,isiro,2.7739,27.616,76.24,72,48,3.13,CD,1690095079
379,mar del plata,-38.0023,-57.5575,50.02,86,0,13.0,AR,1690095079
380,kargat,55.1956,80.2811,70.72,75,100,8.12,RU,1690095080
381,kushk,33.2957,61.9522,98.15,10,0,16.69,AF,1690095080
382,enewetak,11.3474,162.3373,83.52,78,94,16.22,MH,1690095081
383,batticaloa,7.7102,81.6924,92.97,49,100,3.49,LK,1690095082
384,alamos,27.0167,-108.9333,85.51,62,100,4.59,MX,1690095082
385,kununurra,-15.7667,128.7333,76.98,22,5,16.11,AU,1690095083
386,codrington,-38.2667,141.9667,51.58,77,100,8.72,AU,1690095083
387,muradnagar,28.7833,77.5,93.29,47,100,9.26,IN,1690095084
388,san fernando de apure,7.8878,-67.4724,73.42,96,88,2.8,VE,1690095085
389,nelson bay,-32.7167,152.15,60.01,94,92,4.0,AU,1690095085
390,reggane,26.7158,0.1714,98.64,17,26,7.58,DZ,1690095086
391,somerton,32.5964,-114.7097,101.3,34,0,8.05,US,1690095086
392,mukalla,14.5425,49.1242,95.65,45,22,17.72,YE,1690095087
393,palmer,42.1584,-72.3287,65.84,84,20,0.0,US,1690094832
394,sarh,9.1429,18.3923,71.51,100,20,2.3,TD,1690095088
395,touros,-5.1989,-35.4608,72.46,89,46,12.95,BR,1690095088
396,guilin,25.2819,110.2864,93.31,65,100,5.99,CN,1690094792
397,coevorden,52.661,6.7405,63.39,87,100,13.0,NL,1690095054
398,calipatria,33.1256,-115.5142,95.92,35,49,8.97,US,1690095090
399,bonanza,14.0289,-84.591,73.54,99,99,1.45,NI,1690095091
400,bam,29.106,58.357,96.08,9,100,24.2,IR,1690095091
401,sturgeon bay,44.8342,-87.377,64.76,94,75,3.44,US,1690094976
402,tuensang,26.2833,94.8333,79.48,88,93,1.52,IN,1690095092
403,polla,40.5171,15.498,90.99,41,3,4.99,IT,1690094971
404,heihe,50.2441,127.4902,68.58,84,100,7.47,CN,1690095093
405,znamenka,52.4167,41.4311,68.36,61,68,5.82,RU,1690095094
406,shizunai-furukawacho,42.3339,142.3669,72.21,86,31,9.46,JP,1690095095
407,brisas de zicatela,15.8369,-97.0419,79.93,82,100,4.85,MX,1690095095
408,khargupur,27.3833,81.9833,99.99,41,72,14.88,IN,1690095096
409,nar'yan-mar,67.6713,53.087,59.99,92,100,5.37,RU,1690095096
410,kulachi,31.9286,70.4592,91.09,57,88,2.04,PK,1690095097
411,sao joao da barra,-21.6403,-41.0511,69.53,86,94,10.04,BR,1690095098
412,hakui,36.8833,136.7833,93.34,62,20,3.69,JP,1690095099
413,zheleznogorsk-ilimskiy,56.5768,104.1217,85.19,26,57,5.06,RU,1690095099
414,severo-yeniseyskiy,60.3725,93.0408,80.62,40,69,1.34,RU,1690095100
415,hami,42.8,93.45,99.28,12,3,10.51,CN,1690095101
416,arkhangel'sk,64.5401,40.5433,59.0,97,100,1.97,RU,1690095101
417,mana,5.6592,-53.7767,74.89,90,28,7.49,GF,1690095102
418,bowie,33.4501,-94.4335,75.27,89,0,3.47,US,1690095102
419,kirawsk,53.2686,29.4736,63.07,69,15,10.65,BY,1690095103
420,fuyu,45.1833,124.8167,74.48,89,89,14.92,CN,1690095104
421,estremoz,38.8443,-7.5859,61.59,76,4,5.59,PT,1690095104
422,dalby,-27.1833,151.2667,60.87,33,7,7.92,AU,1690095105
423,langxiang,46.95,128.8833,67.01,99,100,2.55,CN,1690095105
424,linxia chengguanzhen,35.6003,103.2064,80.78,46,99,4.56,CN,1690095106
425,woodfin,35.6334,-82.5821,68.11,92,62,0.83,US,1690095107
426,el obeid,13.1842,30.2167,85.39,49,11,15.5,SD,1690095107
427,deyang,31.1302,104.382,89.87,59,78,3.0,CN,1690095108
428,argostolion,38.1811,20.489,84.27,58,0,3.44,GR,1690095109
429,zhizdra,53.746,34.7395,60.12,85,100,7.78,RU,1690095109
430,santa ana de yacuma,-13.75,-65.4333,72.16,53,0,4.5,BO,1690095110
431,mizque,-17.941,-65.3402,57.2,63,0,3.51,BO,1690095111
432,nichinan,31.6,131.3667,83.88,71,29,7.92,JP,1690095111
433,berezovyy,51.6667,135.7,87.67,27,100,6.67,RU,1690095112
434,san antonio de pale,-1.4014,5.6325,73.54,78,99,10.27,GQ,1690095113
435,verkhnevilyuysk,63.4453,120.3167,86.9,31,11,7.2,RU,1690095113
436,taitung city,22.7583,121.1444,91.67,75,75,8.05,TW,1690095114
437,alghero,40.5589,8.3181,78.89,78,0,6.91,IT,1690095115
438,bengkulu,-3.8004,102.2655,83.64,75,47,8.14,ID,1690094956
439,luba,3.4568,8.5547,75.09,86,99,6.33,GQ,1690095116
440,honiara,-9.4333,159.95,78.04,90,98,3.31,SB,1690095116
441,vila velha,-20.3297,-40.2925,67.95,98,75,4.61,BR,1690095117
442,kouango,4.9934,19.9619,77.56,76,100,3.27,CF,1690095118
443,wuhan,30.5833,114.2667,93.29,51,0,4.27,CN,1690094858
444,kottaiyur,10.1167,78.8167,92.79,38,90,5.1,IN,1690095120
445,twon-brass,4.3151,6.2418,78.26,84,100,12.91,NG,1690094907
446,scottsbluff,41.8666,-103.6672,67.78,76,0,10.36,US,1690094903
447,ramadi,33.4226,43.3058,109.4,10,0,15.59,IQ,1690095121
448,nishinoomote,30.7333,131.0,86.56,79,20,10.36,JP,1690095122
449,durango,24.8333,-104.8333,67.51,47,72,3.74,MX,1690094848
450,selfoss,63.9331,-20.9971,54.05,82,100,2.75,IS,1690095123
451,golmarmara,38.7139,27.9142,83.55,45,0,2.3,TR,1690095124
452,saint-philippe,-21.3585,55.7679,76.59,85,50,14.32,RE,1690095125
453,mithi,24.7318,69.7981,89.82,64,96,7.96,PK,1690095125
454,talakan,50.3167,130.3667,66.0,86,100,5.26,RU,1690095126
455,rio grande,-32.035,-52.0986,67.95,79,98,13.18,BR,1690095126
456,laela,-8.5667,32.05,68.27,46,0,2.44,TZ,1690095127
457,la foa,-21.7108,165.8276,66.33,59,14,6.35,NC,1690095127
458,smithers,54.7804,-127.1743,50.32,100,40,0.0,CA,1690095128
459,burang,30.25,81.1667,58.78,59,100,6.49,CN,1690095128
460,itupiranga,-5.1347,-49.3267,68.32,63,7,0.85,BR,1690095129
461,mutsalaul,43.2755,46.7308,91.83,34,0,7.54,RU,1690095130
462,richards bay,-28.783,32.0377,66.76,52,4,4.12,ZA,1690094930
463,krasnyy kholm,58.0607,37.1203,62.42,64,99,8.12,RU,1690095131
464,taroa,8.7058,171.2275,83.19,77,22,17.67,MH,1690095131
465,song cau,13.45,109.2167,86.25,67,76,5.26,VN,1690095132
466,kerikeri,-35.2268,173.9474,50.92,84,40,5.75,NZ,1690095132
467,pestravka,52.405,49.9583,71.04,50,100,6.29,RU,1690095133
468,jutai,-5.1833,-68.9,71.49,74,16,0.65,BR,1690095134
469,tsetserleg,47.475,101.4542,68.56,51,44,2.71,MN,1690095134
470,argo,37.6333,22.7333,92.79,16,0,6.38,GR,1690095135
471,tamanrasset,22.785,5.5228,80.51,14,0,4.61,DZ,1690095135
472,gaspe,48.8334,-64.4819,64.62,100,100,0.0,CA,1690094913
473,northam,51.0333,-4.2167,63.66,98,100,15.93,GB,1690095136
474,khovd,48.0056,91.6419,84.63,15,94,14.88,MN,1690095137
475,antofagasta,-23.65,-70.4,61.88,84,46,3.69,CL,1690095114
476,gidam,18.9833,81.4,81.9,82,100,7.4,IN,1690095138
477,urangan,-25.3,152.9,65.37,66,2,14.56,AU,1690095139
478,tallulah,32.4085,-91.1868,73.4,94,0,3.44,US,1690095139
479,mikumi,-7.4041,36.9831,76.39,60,22,7.54,TZ,1690095140
480,shortandy,51.7006,70.9994,72.57,44,100,4.85,KZ,1690095141
481,egletons,45.4034,2.0507,63.12,62,97,2.82,FR,1690095141
482,mantua,45.1667,10.7833,76.05,77,39,3.0,IT,1690095142
483,choibalsan,48.0667,114.5,78.24,32,6,12.41,MN,1690095142
484,akdepe,42.0551,59.3788,96.89,14,0,2.64,TM,1690095143
485,haiku-pauwela,20.9219,-156.3051,80.04,84,75,13.0,US,1690095143
486,onega,63.9061,38.1404,52.12,98,100,6.55,RU,1690095089
487,yarmouth,41.7057,-70.2286,71.65,95,0,1.99,US,1690095029
488,rockland,41.1668,-74.0496,71.46,87,4,3.24,US,1690095145
489,alenquer,-1.9417,-54.7383,75.29,63,51,3.91,BR,1690095146
490,sambava,-14.2667,50.1667,75.43,67,25,11.41,MG,1690095147
491,canasgordas,6.7499,-76.0254,62.94,94,99,1.52,CO,1690095147
492,alibag,18.6411,72.8792,84.27,90,100,19.17,IN,1690095148
493,colipapa,9.4726,122.5616,81.25,85,100,12.59,PH,1690095148
494,qaisumah,28.3112,46.1273,100.36,10,0,9.22,SA,1690095149
495,puerto santa,-8.9906,-78.6456,68.25,82,58,5.14,PE,1690095149
496,hit,33.6416,42.8251,108.59,11,0,15.01,IQ,1690095150
497,puerto leguizamo,-0.1934,-74.7819,68.54,95,100,3.13,CO,1690095151
498,la passe,45.5549,-0.8967,66.97,74,100,9.95,FR,1690095151
499,saint-francois,46.4154,3.9054,63.84,72,0,4.61,FR,1690095152
500,at-bashi,41.1702,75.8106,83.77,22,4,6.51,KG,1690095153
501,belokany,41.7258,46.4083,84.29,42,2,3.78,AZ,1690095154
502,al bawiti,28.3492,28.8659,90.18,32,0,12.53,EG,1690095155
503,barra da estiva,-13.6261,-41.3269,59.11,91,88,3.38,BR,1690095155
504,tara,56.8944,74.371,79.21,44,9,5.5,RU,1690095156
505,sao miguel do araguaia,-13.275,-50.1628,68.9,51,0,6.02,BR,1690095157
506,srivardhan,18.0333,73.0167,80.06,90,100,19.46,IN,1690095157
507,anderson,34.5334,-82.6499,74.28,92,0,0.0,US,1690094873
508,jishui,33.7333,115.4,98.02,39,37,6.42,CN,1690095158
509,toliara,-23.35,43.6667,72.86,67,1,2.3,MG,1690095159
510,slawharad,53.4446,31.0014,63.25,73,50,9.44,BY,1690095160
511,kirkuk,35.4681,44.3922,105.78,16,0,3.53,IQ,1690095161
512,briancon,44.9,6.65,66.36,44,0,3.53,FR,1690095161
513,orikhiv,47.5673,35.7858,80.89,56,22,8.84,UA,1690095162
514,beacon square,28.2086,-82.7554,84.97,85,3,11.81,US,1690095163
515,valladolid,41.5833,-4.6667,69.78,52,3,4.61,ES,1690095163
516,mitu,1.1983,-70.1733,71.1,97,93,0.29,CO,1690095164
517,antsiranana,-12.2787,49.2917,81.36,47,20,18.41,MG,1690095165
518,altayskoye,51.9533,85.3325,64.44,82,100,4.03,RU,1690095166
519,burley,42.5357,-113.7928,80.29,31,0,8.05,US,1690095166
520,badger,64.8,-147.5333,75.07,66,20,3.44,US,1690095167
521,de soto,34.9248,-89.9904,70.9,90,0,0.0,US,1690095167
522,quellon,-43.1167,-73.6167,32.25,100,0,3.44,CL,1690095168
523,koniecpol,50.7747,19.689,70.29,52,100,10.4,PL,1690095169
524,port macquarie,-31.4333,152.9167,59.9,63,5,10.47,AU,1690095169
525,cartagena,10.3997,-75.5144,82.02,89,75,4.61,CO,1690095103
526,rosetta,31.4044,30.4164,85.55,64,0,5.88,EG,1690095171
527,usogorsk,63.4106,48.6872,56.23,97,100,6.02,RU,1690095172
528,kachug,53.9606,105.8817,83.57,30,55,9.95,RU,1690095173
529,aykhal,66.0,111.5,82.35,31,82,16.89,RU,1690095174
530,amos,48.5669,-78.1162,50.97,69,7,3.89,CA,1690095174
531,zmeinogorsk,51.1567,82.195,84.09,23,16,10.85,RU,1690095175
532,gorontalo,0.5412,123.0595,85.23,62,21,6.53,ID,1690095175
533,znamenskoye,57.1281,73.8282,79.54,43,43,5.97,RU,1690095176
534,kargasok,59.0556,80.8572,68.2,79,100,5.91,RU,1690095176
535,tutoia,-2.7619,-42.2744,72.09,87,83,6.85,BR,1690094930
536,kitimat,54.0524,-128.6534,57.58,61,0,2.39,CA,1690095178
537,srandakan,-7.9386,110.2506,81.82,61,20,17.54,ID,1690095179
538,rosario do sul,-30.2583,-54.9142,69.55,67,91,13.42,BR,1690095180
539,colonia menno,-22.3667,-59.8167,75.45,33,0,10.85,PY,1690095180
540,oranjemund,-28.55,16.4333,52.14,57,100,4.81,NA,1690095181
541,sovetskaya gavan',48.9723,140.2878,65.89,84,100,3.13,RU,1690095181
542,dzhangala,49.2167,50.3333,81.88,35,83,3.58,KZ,1690095182
543,montecristo,8.2971,-74.4733,76.21,96,100,2.15,CO,1690095182
544,mount gambier,-37.8333,140.7667,50.77,81,100,4.72,AU,1690095183
545,'ain el melh,34.8415,4.1638,89.44,10,0,4.9,DZ,1690095184
546,hammerfest,70.6634,23.6821,54.05,62,0,8.05,NO,1690095184
547,harstad,68.799,16.5293,59.16,94,99,1.99,NO,1690095185
548,puerto baquerizo moreno,-0.9,-89.6,76.14,77,17,12.46,EC,1690095148
549,dehui,44.5333,125.7,75.69,84,2,20.29,CN,1690095186
550,cedeira,43.6797,-8.0209,63.05,83,100,12.1,ES,1690095186
551,malango,-2.9627,119.9001,74.21,85,83,3.6,ID,1690095187
552,cajati,-24.7361,-48.1228,59.85,97,19,2.26,BR,1690095188
553,acapulco de juarez,16.8634,-99.8901,82.22,74,75,6.91,MX,1690095011
554,campbell river,50.0163,-125.2446,67.44,71,100,4.07,CA,1690095189
555,zaozersk,69.4005,32.4476,49.75,79,100,16.02,RU,1690095190
556,darwin,-12.4611,130.8418,84.18,22,0,15.01,AU,1690095190
557,margate,51.3813,1.3862,64.69,91,100,8.01,GB,1690095191
558,peterhead,57.5058,-1.7981,56.44,81,100,13.8,GB,1690095191
559,pitmoaga,12.2397,-1.8767,74.82,79,42,6.71,BF,1690095192
560,den burg,53.0542,4.7972,62.96,93,75,26.46,NL,1690095193
561,midelt,32.6852,-4.7451,79.07,19,4,1.83,MA,1690095193
562,tavda,58.0425,65.2726,66.56,81,100,7.34,RU,1690095194
563,zabaykal'sk,49.6333,117.3167,66.11,75,100,12.24,RU,1690095195
564,namtsy,62.7161,129.6658,86.16,34,8,14.32,RU,1690095195
565,santa marta,11.2408,-74.199,85.89,72,100,8.01,CO,1690095196
566,walvis bay,-22.9575,14.5053,54.55,82,100,4.61,NA,1690095196
567,zouerate,22.7187,-12.4521,74.97,49,5,9.22,MR,1690095197
568,victorica,-36.2151,-65.4359,48.47,49,100,16.06,AR,1690095198
569,khorixas,-20.3667,14.9667,68.07,33,0,6.51,NA,1690095198
570,tadmur,34.5608,38.2805,96.4,21,0,14.43,SY,1690095199
571,sumberpucung,-8.1586,112.4829,83.7,52,15,8.03,ID,1690095199
